-- phpMyAdmin SQL Dump
-- version 4.8.4
-- https://www.phpmyadmin.net/
--
-- Host: localhost
-- Generation Time: Sep 05, 2022 at 12:03 AM
-- Server version: 10.1.37-MariaDB
-- PHP Version: 7.3.0

SET SQL_MODE = "NO_AUTO_VALUE_ON_ZERO";
SET AUTOCOMMIT = 0;
START TRANSACTION;
SET time_zone = "+00:00";


/*!40101 SET @OLD_CHARACTER_SET_CLIENT=@@CHARACTER_SET_CLIENT */;
/*!40101 SET @OLD_CHARACTER_SET_RESULTS=@@CHARACTER_SET_RESULTS */;
/*!40101 SET @OLD_COLLATION_CONNECTION=@@COLLATION_CONNECTION */;
/*!40101 SET NAMES utf8mb4 */;

--
-- Database: `SpringBatch`
--

-- --------------------------------------------------------

--
-- Table structure for table `BATCH_JOB_EXECUTION`
--

CREATE TABLE `BATCH_JOB_EXECUTION` (
  `JOB_EXECUTION_ID` bigint(20) NOT NULL,
  `VERSION` bigint(20) DEFAULT NULL,
  `JOB_INSTANCE_ID` bigint(20) NOT NULL,
  `CREATE_TIME` datetime(6) NOT NULL,
  `START_TIME` datetime(6) DEFAULT NULL,
  `END_TIME` datetime(6) DEFAULT NULL,
  `STATUS` varchar(10) DEFAULT NULL,
  `EXIT_CODE` varchar(2500) DEFAULT NULL,
  `EXIT_MESSAGE` varchar(2500) DEFAULT NULL,
  `LAST_UPDATED` datetime(6) DEFAULT NULL,
  `JOB_CONFIGURATION_LOCATION` varchar(2500) DEFAULT NULL
) ENGINE=InnoDB DEFAULT CHARSET=latin1;

--
-- Dumping data for table `BATCH_JOB_EXECUTION`
--

INSERT INTO `BATCH_JOB_EXECUTION` (`JOB_EXECUTION_ID`, `VERSION`, `JOB_INSTANCE_ID`, `CREATE_TIME`, `START_TIME`, `END_TIME`, `STATUS`, `EXIT_CODE`, `EXIT_MESSAGE`, `LAST_UPDATED`, `JOB_CONFIGURATION_LOCATION`) VALUES
(1, 2, 1, '2022-08-28 18:21:52.000000', '2022-08-28 18:21:52.000000', '2022-08-28 18:21:52.000000', 'COMPLETED', 'COMPLETED', '', '2022-08-28 18:21:52.000000', NULL),
(2, 2, 1, '2022-08-28 18:34:13.000000', '2022-08-28 18:34:13.000000', '2022-08-28 18:34:13.000000', 'COMPLETED', 'NOOP', 'All steps already completed or no steps configured for this job.', '2022-08-28 18:34:13.000000', NULL),
(3, 2, 2, '2022-08-29 09:54:29.000000', '2022-08-29 09:54:29.000000', '2022-08-29 09:54:29.000000', 'COMPLETED', 'COMPLETED', '', '2022-08-29 09:54:29.000000', NULL),
(4, 2, 1, '2022-08-29 10:05:55.000000', '2022-08-29 10:05:55.000000', '2022-08-29 10:05:55.000000', 'COMPLETED', 'NOOP', 'All steps already completed or no steps configured for this job.', '2022-08-29 10:05:55.000000', NULL),
(5, 2, 3, '2022-08-29 10:07:07.000000', '2022-08-29 10:07:07.000000', '2022-08-29 10:07:07.000000', 'COMPLETED', 'COMPLETED', '', '2022-08-29 10:07:07.000000', NULL),
(6, 2, 4, '2022-08-29 15:41:29.000000', '2022-08-29 15:41:29.000000', '2022-08-29 15:41:29.000000', 'COMPLETED', 'COMPLETED', '', '2022-08-29 15:41:29.000000', NULL),
(7, 2, 5, '2022-08-29 15:45:28.000000', '2022-08-29 15:45:28.000000', '2022-08-29 15:45:28.000000', 'COMPLETED', 'COMPLETED', '', '2022-08-29 15:45:28.000000', NULL),
(8, 2, 6, '2022-08-29 15:47:42.000000', '2022-08-29 15:47:42.000000', '2022-08-29 15:47:42.000000', 'COMPLETED', 'COMPLETED', '', '2022-08-29 15:47:42.000000', NULL),
(9, 2, 7, '2022-08-29 16:05:08.000000', '2022-08-29 16:05:08.000000', '2022-08-29 16:05:08.000000', 'COMPLETED', 'COMPLETED', '', '2022-08-29 16:05:08.000000', NULL),
(10, 2, 8, '2022-08-30 15:02:01.000000', '2022-08-30 15:02:01.000000', '2022-08-30 15:02:01.000000', 'COMPLETED', 'COMPLETED', '', '2022-08-30 15:02:01.000000', NULL),
(11, 2, 9, '2022-09-01 06:21:12.000000', '2022-09-01 06:21:12.000000', '2022-09-01 06:21:12.000000', 'COMPLETED', 'COMPLETED', '', '2022-09-01 06:21:12.000000', NULL),
(12, 2, 10, '2022-09-01 06:21:49.000000', '2022-09-01 06:21:49.000000', '2022-09-01 06:21:49.000000', 'COMPLETED', 'COMPLETED', '', '2022-09-01 06:21:49.000000', NULL),
(13, 2, 11, '2022-09-01 15:06:32.000000', '2022-09-01 15:06:32.000000', '2022-09-01 15:06:32.000000', 'COMPLETED', 'COMPLETED', '', '2022-09-01 15:06:32.000000', NULL),
(14, 2, 12, '2022-09-01 15:07:07.000000', '2022-09-01 15:07:07.000000', '2022-09-01 15:07:07.000000', 'COMPLETED', 'COMPLETED', '', '2022-09-01 15:07:07.000000', NULL),
(15, 2, 13, '2022-09-05 00:05:28.000000', '2022-09-05 00:05:28.000000', '2022-09-05 00:05:28.000000', 'COMPLETED', 'COMPLETED', '', '2022-09-05 00:05:28.000000', NULL),
(16, 2, 14, '2022-09-05 02:22:34.000000', '2022-09-05 02:22:34.000000', '2022-09-05 02:22:34.000000', 'COMPLETED', 'COMPLETED', '', '2022-09-05 02:22:34.000000', NULL),
(17, 2, 15, '2022-09-05 02:24:54.000000', '2022-09-05 02:24:54.000000', '2022-09-05 02:24:54.000000', 'COMPLETED', 'COMPLETED', '', '2022-09-05 02:24:54.000000', NULL),
(18, 2, 16, '2022-09-05 02:25:28.000000', '2022-09-05 02:25:28.000000', '2022-09-05 02:25:28.000000', 'COMPLETED', 'COMPLETED', '', '2022-09-05 02:25:28.000000', NULL),
(19, 2, 17, '2022-09-05 02:34:46.000000', '2022-09-05 02:34:46.000000', '2022-09-05 02:34:46.000000', 'COMPLETED', 'COMPLETED', '', '2022-09-05 02:34:46.000000', NULL),
(20, 2, 18, '2022-09-05 02:35:56.000000', '2022-09-05 02:35:56.000000', '2022-09-05 02:35:56.000000', 'COMPLETED', 'COMPLETED', '', '2022-09-05 02:35:56.000000', NULL),
(21, 2, 19, '2022-09-05 02:36:29.000000', '2022-09-05 02:36:29.000000', '2022-09-05 02:36:29.000000', 'COMPLETED', 'COMPLETED', '', '2022-09-05 02:36:29.000000', NULL),
(22, 2, 20, '2022-09-05 02:50:00.000000', '2022-09-05 02:50:00.000000', '2022-09-05 02:50:00.000000', 'COMPLETED', 'COMPLETED', '', '2022-09-05 02:50:00.000000', NULL),
(23, 2, 21, '2022-09-05 02:50:04.000000', '2022-09-05 02:50:04.000000', '2022-09-05 02:50:04.000000', 'COMPLETED', 'COMPLETED', '', '2022-09-05 02:50:04.000000', NULL),
(24, 2, 22, '2022-09-05 02:51:00.000000', '2022-09-05 02:51:00.000000', '2022-09-05 02:51:00.000000', 'COMPLETED', 'COMPLETED', '', '2022-09-05 02:51:00.000000', NULL),
(25, 2, 23, '2022-09-05 02:52:00.000000', '2022-09-05 02:52:00.000000', '2022-09-05 02:52:00.000000', 'COMPLETED', 'COMPLETED', '', '2022-09-05 02:52:00.000000', NULL),
(26, 2, 24, '2022-09-05 02:53:00.000000', '2022-09-05 02:53:00.000000', '2022-09-05 02:53:00.000000', 'COMPLETED', 'COMPLETED', '', '2022-09-05 02:53:00.000000', NULL),
(27, 2, 25, '2022-09-05 02:54:00.000000', '2022-09-05 02:54:00.000000', '2022-09-05 02:54:00.000000', 'COMPLETED', 'COMPLETED', '', '2022-09-05 02:54:00.000000', NULL),
(28, 2, 26, '2022-09-05 02:55:00.000000', '2022-09-05 02:55:00.000000', '2022-09-05 02:55:00.000000', 'COMPLETED', 'COMPLETED', '', '2022-09-05 02:55:00.000000', NULL),
(29, 2, 27, '2022-09-05 02:56:00.000000', '2022-09-05 02:56:00.000000', '2022-09-05 02:56:00.000000', 'COMPLETED', 'COMPLETED', '', '2022-09-05 02:56:00.000000', NULL),
(30, 2, 28, '2022-09-05 02:57:00.000000', '2022-09-05 02:57:00.000000', '2022-09-05 02:57:00.000000', 'COMPLETED', 'COMPLETED', '', '2022-09-05 02:57:00.000000', NULL),
(31, 2, 29, '2022-09-05 02:58:00.000000', '2022-09-05 02:58:00.000000', '2022-09-05 02:58:00.000000', 'COMPLETED', 'COMPLETED', '', '2022-09-05 02:58:00.000000', NULL),
(32, 2, 30, '2022-09-05 02:58:48.000000', '2022-09-05 02:58:48.000000', '2022-09-05 02:58:48.000000', 'COMPLETED', 'COMPLETED', '', '2022-09-05 02:58:48.000000', NULL),
(33, 2, 31, '2022-09-05 02:59:00.000000', '2022-09-05 02:59:00.000000', '2022-09-05 02:59:00.000000', 'COMPLETED', 'COMPLETED', '', '2022-09-05 02:59:00.000000', NULL),
(34, 2, 32, '2022-09-05 03:00:00.000000', '2022-09-05 03:00:00.000000', '2022-09-05 03:00:00.000000', 'COMPLETED', 'COMPLETED', '', '2022-09-05 03:00:00.000000', NULL),
(35, 2, 33, '2022-09-05 03:01:00.000000', '2022-09-05 03:01:00.000000', '2022-09-05 03:01:00.000000', 'COMPLETED', 'COMPLETED', '', '2022-09-05 03:01:00.000000', NULL),
(36, 2, 34, '2022-09-05 03:02:00.000000', '2022-09-05 03:02:00.000000', '2022-09-05 03:02:00.000000', 'COMPLETED', 'COMPLETED', '', '2022-09-05 03:02:00.000000', NULL),
(37, 2, 35, '2022-09-05 03:03:00.000000', '2022-09-05 03:03:00.000000', '2022-09-05 03:03:00.000000', 'COMPLETED', 'COMPLETED', '', '2022-09-05 03:03:00.000000', NULL),
(38, 2, 36, '2022-09-05 03:04:00.000000', '2022-09-05 03:04:00.000000', '2022-09-05 03:04:00.000000', 'COMPLETED', 'COMPLETED', '', '2022-09-05 03:04:00.000000', NULL),
(39, 2, 37, '2022-09-05 03:05:00.000000', '2022-09-05 03:05:00.000000', '2022-09-05 03:05:00.000000', 'COMPLETED', 'COMPLETED', '', '2022-09-05 03:05:00.000000', NULL),
(40, 2, 38, '2022-09-05 03:07:00.000000', '2022-09-05 03:07:00.000000', '2022-09-05 03:07:00.000000', 'COMPLETED', 'COMPLETED', '', '2022-09-05 03:07:00.000000', NULL),
(41, 2, 39, '2022-09-05 03:08:00.000000', '2022-09-05 03:08:00.000000', '2022-09-05 03:08:00.000000', 'COMPLETED', 'COMPLETED', '', '2022-09-05 03:08:00.000000', NULL),
(42, 2, 40, '2022-09-05 03:12:00.000000', '2022-09-05 03:12:00.000000', '2022-09-05 03:12:00.000000', 'COMPLETED', 'COMPLETED', '', '2022-09-05 03:12:00.000000', NULL),
(43, 1, 41, '2022-09-05 03:16:00.000000', '2022-09-05 03:16:00.000000', NULL, 'STARTED', 'UNKNOWN', '', '2022-09-05 03:16:00.000000', NULL),
(44, 2, 42, '2022-09-05 03:17:13.000000', '2022-09-05 03:17:13.000000', '2022-09-05 03:17:13.000000', 'COMPLETED', 'COMPLETED', '', '2022-09-05 03:17:13.000000', NULL),
(45, 2, 43, '2022-09-05 03:17:29.000000', '2022-09-05 03:17:29.000000', '2022-09-05 03:17:29.000000', 'COMPLETED', 'COMPLETED', '', '2022-09-05 03:17:29.000000', NULL),
(46, 1, 44, '2022-09-05 03:18:00.000000', '2022-09-05 03:18:00.000000', NULL, 'STARTED', 'UNKNOWN', '', '2022-09-05 03:18:00.000000', NULL),
(47, 2, 45, '2022-09-05 03:20:52.000000', '2022-09-05 03:20:52.000000', '2022-09-05 03:20:52.000000', 'COMPLETED', 'COMPLETED', '', '2022-09-05 03:20:52.000000', NULL),
(48, 2, 46, '2022-09-05 03:21:14.000000', '2022-09-05 03:21:14.000000', '2022-09-05 03:21:14.000000', 'COMPLETED', 'COMPLETED', '', '2022-09-05 03:21:14.000000', NULL),
(49, 2, 47, '2022-09-05 03:21:39.000000', '2022-09-05 03:21:39.000000', '2022-09-05 03:21:39.000000', 'COMPLETED', 'COMPLETED', '', '2022-09-05 03:21:39.000000', NULL),
(50, 3, 48, '2022-09-05 03:55:27.000000', '2022-09-05 03:55:27.000000', '2022-09-05 04:00:28.000000', 'STOPPING', 'COMPLETED', '', '2022-09-05 04:00:28.000000', NULL);

-- --------------------------------------------------------

--
-- Table structure for table `BATCH_JOB_EXECUTION_CONTEXT`
--

CREATE TABLE `BATCH_JOB_EXECUTION_CONTEXT` (
  `JOB_EXECUTION_ID` bigint(20) NOT NULL,
  `SHORT_CONTEXT` varchar(2500) NOT NULL,
  `SERIALIZED_CONTEXT` text
) ENGINE=InnoDB DEFAULT CHARSET=latin1;

--
-- Dumping data for table `BATCH_JOB_EXECUTION_CONTEXT`
--

INSERT INTO `BATCH_JOB_EXECUTION_CONTEXT` (`JOB_EXECUTION_ID`, `SHORT_CONTEXT`, `SERIALIZED_CONTEXT`) VALUES
(1, '{\"@class\":\"java.util.HashMap\"}', NULL),
(2, '{\"@class\":\"java.util.HashMap\"}', NULL),
(3, '{\"@class\":\"java.util.HashMap\"}', NULL),
(4, '{\"@class\":\"java.util.HashMap\"}', NULL),
(5, '{\"@class\":\"java.util.HashMap\"}', NULL),
(6, '{\"@class\":\"java.util.HashMap\"}', NULL),
(7, '{\"@class\":\"java.util.HashMap\",\"JEC\":\"JEC Value\"}', NULL),
(8, '{\"@class\":\"java.util.HashMap\",\"JEC\":\"JEC Value\"}', NULL),
(9, '{\"@class\":\"java.util.HashMap\",\"JEC\":\"JEC Value\"}', NULL),
(10, '{\"@class\":\"java.util.HashMap\"}', NULL),
(11, '{\"@class\":\"java.util.HashMap\"}', NULL),
(12, '{\"@class\":\"java.util.HashMap\"}', NULL),
(13, '{\"@class\":\"java.util.HashMap\"}', NULL),
(14, '{\"@class\":\"java.util.HashMap\",\"JEC\":\"JEC Value\"}', NULL),
(15, '{\"@class\":\"java.util.HashMap\",\"JEC\":\"JEC Value\"}', NULL),
(16, '{\"@class\":\"java.util.HashMap\",\"JEC\":\"JEC Value\"}', NULL),
(17, '{\"@class\":\"java.util.HashMap\",\"JEC\":\"JEC Value\"}', NULL),
(18, '{\"@class\":\"java.util.HashMap\",\"JEC\":\"JEC Value\"}', NULL),
(19, '{\"@class\":\"java.util.HashMap\",\"JEC\":\"JEC Value\"}', NULL),
(20, '{\"@class\":\"java.util.HashMap\",\"JEC\":\"JEC Value\"}', NULL),
(21, '{\"@class\":\"java.util.HashMap\"}', NULL),
(22, '{\"@class\":\"java.util.HashMap\"}', NULL),
(23, '{\"@class\":\"java.util.HashMap\"}', NULL),
(24, '{\"@class\":\"java.util.HashMap\"}', NULL),
(25, '{\"@class\":\"java.util.HashMap\"}', NULL),
(26, '{\"@class\":\"java.util.HashMap\"}', NULL),
(27, '{\"@class\":\"java.util.HashMap\"}', NULL),
(28, '{\"@class\":\"java.util.HashMap\"}', NULL),
(29, '{\"@class\":\"java.util.HashMap\"}', NULL),
(30, '{\"@class\":\"java.util.HashMap\"}', NULL),
(31, '{\"@class\":\"java.util.HashMap\"}', NULL),
(32, '{\"@class\":\"java.util.HashMap\",\"JEC\":\"JEC Value\"}', NULL),
(33, '{\"@class\":\"java.util.HashMap\"}', NULL),
(34, '{\"@class\":\"java.util.HashMap\"}', NULL),
(35, '{\"@class\":\"java.util.HashMap\"}', NULL),
(36, '{\"@class\":\"java.util.HashMap\"}', NULL),
(37, '{\"@class\":\"java.util.HashMap\"}', NULL),
(38, '{\"@class\":\"java.util.HashMap\"}', NULL),
(39, '{\"@class\":\"java.util.HashMap\"}', NULL),
(40, '{\"@class\":\"java.util.HashMap\"}', NULL),
(41, '{\"@class\":\"java.util.HashMap\"}', NULL),
(42, '{\"@class\":\"java.util.HashMap\"}', NULL),
(43, '{\"@class\":\"java.util.HashMap\"}', NULL),
(44, '{\"@class\":\"java.util.HashMap\",\"JEC\":\"JEC Value\"}', NULL),
(45, '{\"@class\":\"java.util.HashMap\",\"JEC\":\"JEC Value\"}', NULL),
(46, '{\"@class\":\"java.util.HashMap\"}', NULL),
(47, '{\"@class\":\"java.util.HashMap\",\"JEC\":\"JEC Value\"}', NULL),
(48, '{\"@class\":\"java.util.HashMap\",\"JEC\":\"JEC Value\"}', NULL),
(49, '{\"@class\":\"java.util.HashMap\",\"JEC\":\"JEC Value\"}', NULL),
(50, '{\"@class\":\"java.util.HashMap\"}', NULL);

-- --------------------------------------------------------

--
-- Table structure for table `BATCH_JOB_EXECUTION_PARAMS`
--

CREATE TABLE `BATCH_JOB_EXECUTION_PARAMS` (
  `JOB_EXECUTION_ID` bigint(20) NOT NULL,
  `TYPE_CD` varchar(6) NOT NULL,
  `KEY_NAME` varchar(100) NOT NULL,
  `STRING_VAL` varchar(250) DEFAULT NULL,
  `DATE_VAL` datetime(6) DEFAULT NULL,
  `LONG_VAL` bigint(20) DEFAULT NULL,
  `DOUBLE_VAL` double DEFAULT NULL,
  `IDENTIFYING` char(1) NOT NULL
) ENGINE=InnoDB DEFAULT CHARSET=latin1;

--
-- Dumping data for table `BATCH_JOB_EXECUTION_PARAMS`
--

INSERT INTO `BATCH_JOB_EXECUTION_PARAMS` (`JOB_EXECUTION_ID`, `TYPE_CD`, `KEY_NAME`, `STRING_VAL`, `DATE_VAL`, `LONG_VAL`, `DOUBLE_VAL`, `IDENTIFYING`) VALUES
(3, 'STRING', 'run', 'one', '1970-01-01 06:00:00.000000', 0, 0, 'Y'),
(5, 'STRING', 'run', 'two', '1970-01-01 06:00:00.000000', 0, 0, 'Y'),
(6, 'LONG', 'run.id', '', '1970-01-01 06:00:00.000000', 1, 0, 'Y'),
(6, 'STRING', 'a', 'b', '1970-01-01 06:00:00.000000', 0, 0, 'Y'),
(6, 'STRING', 'run', 'three', '1970-01-01 06:00:00.000000', 0, 0, 'Y'),
(7, 'STRING', 'a', 'b', '1970-01-01 06:00:00.000000', 0, 0, 'Y'),
(7, 'STRING', 'run', 'three', '1970-01-01 06:00:00.000000', 0, 0, 'Y'),
(7, 'LONG', 'run.id', '', '1970-01-01 06:00:00.000000', 2, 0, 'Y'),
(8, 'STRING', 'a', 'b', '1970-01-01 06:00:00.000000', 0, 0, 'Y'),
(8, 'STRING', 'run', 'three', '1970-01-01 06:00:00.000000', 0, 0, 'Y'),
(8, 'LONG', 'run.id', '', '1970-01-01 06:00:00.000000', 3, 0, 'Y'),
(9, 'STRING', 'a', 'b', '1970-01-01 06:00:00.000000', 0, 0, 'Y'),
(9, 'STRING', 'run', 'three', '1970-01-01 06:00:00.000000', 0, 0, 'Y'),
(9, 'LONG', 'run.id', '', '1970-01-01 06:00:00.000000', 4, 0, 'Y'),
(10, 'LONG', 'run.id', '', '1970-01-01 06:00:00.000000', 1, 0, 'Y'),
(10, 'STRING', 'a', 'b', '1970-01-01 06:00:00.000000', 0, 0, 'Y'),
(10, 'STRING', 'run', 'three', '1970-01-01 06:00:00.000000', 0, 0, 'Y'),
(11, 'STRING', 'a', 'b', '1970-01-01 06:00:00.000000', 0, 0, 'Y'),
(11, 'STRING', 'run', 'three', '1970-01-01 06:00:00.000000', 0, 0, 'Y'),
(11, 'LONG', 'run.id', '', '1970-01-01 06:00:00.000000', 2, 0, 'Y'),
(12, 'STRING', 'a', 'b', '1970-01-01 06:00:00.000000', 0, 0, 'Y'),
(12, 'STRING', 'run', 'three', '1970-01-01 06:00:00.000000', 0, 0, 'Y'),
(12, 'LONG', 'run.id', '', '1970-01-01 06:00:00.000000', 3, 0, 'Y'),
(13, 'LONG', 'currentTime', '', '1970-01-01 06:00:00.000000', 1662023192402, 0, 'Y'),
(14, 'LONG', 'currentTime', '', '1970-01-01 06:00:00.000000', 1662023227874, 0, 'Y'),
(15, 'LONG', 'currentTime', '', '1970-01-01 06:00:00.000000', 1662314728732, 0, 'Y'),
(16, 'LONG', 'currentTime', '', '1970-01-01 06:00:00.000000', 1662322954114, 0, 'Y'),
(17, 'LONG', 'currentTime', '', '1970-01-01 06:00:00.000000', 1662323094002, 0, 'Y'),
(17, 'STRING', 'abc', 'abc123', '1970-01-01 06:00:00.000000', 0, 0, 'Y'),
(17, 'STRING', 'test', 'test123', '1970-01-01 06:00:00.000000', 0, 0, 'Y'),
(18, 'LONG', 'currentTime', '', '1970-01-01 06:00:00.000000', 1662323128534, 0, 'Y'),
(18, 'STRING', 'abc', 'abc123', '1970-01-01 06:00:00.000000', 0, 0, 'Y'),
(18, 'STRING', 'test', 'test123', '1970-01-01 06:00:00.000000', 0, 0, 'Y'),
(19, 'LONG', 'currentTime', '', '1970-01-01 06:00:00.000000', 1662323686061, 0, 'Y'),
(19, 'STRING', 'abc', 'abc123', '1970-01-01 06:00:00.000000', 0, 0, 'Y'),
(19, 'STRING', 'test', 'test123', '1970-01-01 06:00:00.000000', 0, 0, 'Y'),
(20, 'LONG', 'currentTime', '', '1970-01-01 06:00:00.000000', 1662323756160, 0, 'Y'),
(20, 'STRING', 'abc', 'abc123', '1970-01-01 06:00:00.000000', 0, 0, 'Y'),
(20, 'STRING', 'test', 'test123', '1970-01-01 06:00:00.000000', 0, 0, 'Y'),
(21, 'LONG', 'currentTime', '', '1970-01-01 06:00:00.000000', 1662323789031, 0, 'Y'),
(21, 'STRING', 'abc', 'abc123', '1970-01-01 06:00:00.000000', 0, 0, 'Y'),
(21, 'STRING', 'test', 'test123', '1970-01-01 06:00:00.000000', 0, 0, 'Y'),
(22, 'LONG', 'currentTime', '', '1970-01-01 06:00:00.000000', 1662324600001, 0, 'Y'),
(23, 'LONG', 'currentTime', '', '1970-01-01 06:00:00.000000', 1662324604463, 0, 'Y'),
(23, 'STRING', 'abc', 'abc123', '1970-01-01 06:00:00.000000', 0, 0, 'Y'),
(23, 'STRING', 'test', 'test123', '1970-01-01 06:00:00.000000', 0, 0, 'Y'),
(24, 'LONG', 'currentTime', '', '1970-01-01 06:00:00.000000', 1662324660000, 0, 'Y'),
(25, 'LONG', 'currentTime', '', '1970-01-01 06:00:00.000000', 1662324720000, 0, 'Y'),
(26, 'LONG', 'currentTime', '', '1970-01-01 06:00:00.000000', 1662324780000, 0, 'Y'),
(27, 'LONG', 'currentTime', '', '1970-01-01 06:00:00.000000', 1662324840001, 0, 'Y'),
(28, 'LONG', 'currentTime', '', '1970-01-01 06:00:00.000000', 1662324900000, 0, 'Y'),
(29, 'LONG', 'currentTime', '', '1970-01-01 06:00:00.000000', 1662324960000, 0, 'Y'),
(30, 'LONG', 'currentTime', '', '1970-01-01 06:00:00.000000', 1662325020000, 0, 'Y'),
(31, 'LONG', 'currentTime', '', '1970-01-01 06:00:00.000000', 1662325080001, 0, 'Y'),
(32, 'LONG', 'currentTime', '', '1970-01-01 06:00:00.000000', 1662325128676, 0, 'Y'),
(32, 'STRING', 'abc', 'abc123', '1970-01-01 06:00:00.000000', 0, 0, 'Y'),
(32, 'STRING', 'test', 'test123', '1970-01-01 06:00:00.000000', 0, 0, 'Y'),
(33, 'LONG', 'currentTime', '', '1970-01-01 06:00:00.000000', 1662325140001, 0, 'Y'),
(34, 'LONG', 'currentTime', '', '1970-01-01 06:00:00.000000', 1662325200001, 0, 'Y'),
(35, 'LONG', 'currentTime', '', '1970-01-01 06:00:00.000000', 1662325260000, 0, 'Y'),
(36, 'LONG', 'currentTime', '', '1970-01-01 06:00:00.000000', 1662325320000, 0, 'Y'),
(37, 'LONG', 'currentTime', '', '1970-01-01 06:00:00.000000', 1662325380000, 0, 'Y'),
(38, 'LONG', 'currentTime', '', '1970-01-01 06:00:00.000000', 1662325440000, 0, 'Y'),
(39, 'LONG', 'currentTime', '', '1970-01-01 06:00:00.000000', 1662325500001, 0, 'Y'),
(40, 'LONG', 'currentTime', '', '1970-01-01 06:00:00.000000', 1662325620001, 0, 'Y'),
(41, 'LONG', 'currentTime', '', '1970-01-01 06:00:00.000000', 1662325680000, 0, 'Y'),
(42, 'LONG', 'currentTime', '', '1970-01-01 06:00:00.000000', 1662325920002, 0, 'Y'),
(43, 'LONG', 'currentTime', '', '1970-01-01 06:00:00.000000', 1662326160001, 0, 'Y'),
(44, 'LONG', 'currentTime', '', '1970-01-01 06:00:00.000000', 1662326233594, 0, 'Y'),
(44, 'STRING', 'abc', 'abc123', '1970-01-01 06:00:00.000000', 0, 0, 'Y'),
(44, 'STRING', 'test', 'test123', '1970-01-01 06:00:00.000000', 0, 0, 'Y'),
(45, 'LONG', 'currentTime', '', '1970-01-01 06:00:00.000000', 1662326249003, 0, 'Y'),
(45, 'STRING', 'abc', 'abc123', '1970-01-01 06:00:00.000000', 0, 0, 'Y'),
(45, 'STRING', 'test', 'test123', '1970-01-01 06:00:00.000000', 0, 0, 'Y'),
(46, 'LONG', 'currentTime', '', '1970-01-01 06:00:00.000000', 1662326280001, 0, 'Y'),
(47, 'LONG', 'currentTime', '', '1970-01-01 06:00:00.000000', 1662326452435, 0, 'Y'),
(47, 'STRING', 'abc', 'abc123', '1970-01-01 06:00:00.000000', 0, 0, 'Y'),
(47, 'STRING', 'test', 'test123', '1970-01-01 06:00:00.000000', 0, 0, 'Y'),
(48, 'LONG', 'currentTime', '', '1970-01-01 06:00:00.000000', 1662326474060, 0, 'Y'),
(48, 'STRING', 'abc', 'abc123', '1970-01-01 06:00:00.000000', 0, 0, 'Y'),
(48, 'STRING', 'test', 'test123', '1970-01-01 06:00:00.000000', 0, 0, 'Y'),
(49, 'LONG', 'currentTime', '', '1970-01-01 06:00:00.000000', 1662326499866, 0, 'Y'),
(49, 'STRING', 'abc', 'abc123', '1970-01-01 06:00:00.000000', 0, 0, 'Y'),
(49, 'STRING', 'test', 'test123', '1970-01-01 06:00:00.000000', 0, 0, 'Y'),
(50, 'LONG', 'currentTime', '', '1970-01-01 06:00:00.000000', 1662328527733, 0, 'Y'),
(50, 'STRING', 'abc', 'abc123', '1970-01-01 06:00:00.000000', 0, 0, 'Y'),
(50, 'STRING', 'test', 'test123', '1970-01-01 06:00:00.000000', 0, 0, 'Y');

-- --------------------------------------------------------

--
-- Table structure for table `BATCH_JOB_EXECUTION_SEQ`
--

CREATE TABLE `BATCH_JOB_EXECUTION_SEQ` (
  `ID` bigint(20) NOT NULL,
  `UNIQUE_KEY` char(1) NOT NULL
) ENGINE=InnoDB DEFAULT CHARSET=latin1;

--
-- Dumping data for table `BATCH_JOB_EXECUTION_SEQ`
--

INSERT INTO `BATCH_JOB_EXECUTION_SEQ` (`ID`, `UNIQUE_KEY`) VALUES
(50, '0');

-- --------------------------------------------------------

--
-- Table structure for table `BATCH_JOB_INSTANCE`
--

CREATE TABLE `BATCH_JOB_INSTANCE` (
  `JOB_INSTANCE_ID` bigint(20) NOT NULL,
  `VERSION` bigint(20) DEFAULT NULL,
  `JOB_NAME` varchar(100) NOT NULL,
  `JOB_KEY` varchar(32) NOT NULL
) ENGINE=InnoDB DEFAULT CHARSET=latin1;

--
-- Dumping data for table `BATCH_JOB_INSTANCE`
--

INSERT INTO `BATCH_JOB_INSTANCE` (`JOB_INSTANCE_ID`, `VERSION`, `JOB_NAME`, `JOB_KEY`) VALUES
(1, 0, 'First job', 'd41d8cd98f00b204e9800998ecf8427e'),
(2, 0, 'First job', 'e2bc0ec69800a07a17ab1170e224dced'),
(3, 0, 'First job', 'fa82e18c6d6a255f33b9daf0eb649856'),
(4, 0, 'First job', 'a7ea6281f0d4dc40ef59c23ad5b8da54'),
(5, 0, 'First job', '978d93e2863775d540ee1b4ad8176f21'),
(6, 0, 'First job', 'af87fea44ffa8ead8c8b51dd3948f37e'),
(7, 0, 'First job', '69a410467369306c10ccc8582f3b62aa'),
(8, 0, 'second job', 'a7ea6281f0d4dc40ef59c23ad5b8da54'),
(9, 0, 'second job', '978d93e2863775d540ee1b4ad8176f21'),
(10, 0, 'second job', 'af87fea44ffa8ead8c8b51dd3948f37e'),
(11, 0, 'second job', '42ef2d1d637885a764db45f52264f5af'),
(12, 0, 'First job', '06c2f5293be7e1f19193af5ca016450e'),
(13, 0, 'First job', 'ca0830faa35942694beced8acce4c257'),
(14, 0, 'First job', '25857b13aedbaacb18e2d48fba15b0c3'),
(15, 0, 'First job', 'b1500a0c96aeafded2b41a7ae6d9aa91'),
(16, 0, 'First job', '361f92da263d7678a245e6896d885927'),
(17, 0, 'First job', '571b797678ef6f94f022b6bcc366fdce'),
(18, 0, 'First job', '0fe2479348b0951d8c84123866a2d2b7'),
(19, 0, 'second job', '69836b74cf83bd0962125d70c4bddeca'),
(20, 0, 'second job', 'fc2580370be2e385b40ad46dd224480c'),
(21, 0, 'second job', '565524a5f3863fb4e0ca70bacd5fdd77'),
(22, 0, 'second job', '26c2ff0eb0fbd4b777147d7e076f3d98'),
(23, 0, 'second job', '0702feee02f05d46dd3744b917387d2a'),
(24, 0, 'second job', 'b805b11358ef982aa8fe6882c094defd'),
(25, 0, 'second job', '90888905f23b3e87097ddb51614fb8d5'),
(26, 0, 'second job', 'ba3b04d552b0b039eea031b7d1076764'),
(27, 0, 'second job', '46b3d0c7dbac6e450e90358c1556e2be'),
(28, 0, 'second job', '0717c8df2d92ac84e54d5b198fcb6782'),
(29, 0, 'second job', '3ec168be8f5388e88b0b118bc558ceb3'),
(30, 0, 'First job', 'a68f8e9c9a0ec9b684d69360e5ce83ce'),
(31, 0, 'second job', 'd02a0f37391b4732187a6d3182635f62'),
(32, 0, 'second job', '1d6f471bf3fbdf802e8e3c852423d43b'),
(33, 0, 'second job', 'dd9efe70e31b650d24267082f9fa332d'),
(34, 0, 'second job', 'a83a7a9f65f9ff23e99c617998d92d55'),
(35, 0, 'second job', '0fd310c2685943cba0f0ed0b4ce5c77c'),
(36, 0, 'second job', '81b3b6251cf24b2676b255d0bea0a399'),
(37, 0, 'second job', '052f9057b11ff4fcfb9dd1f2361ef744'),
(38, 0, 'second job', '77eb0eb4555e4fa0c52cb8478281d222'),
(39, 0, 'second job', '9201212a44b513d3353d6317a818b5cd'),
(40, 0, 'second job', '32ad7395c9c30c578336c6a3a6b591cd'),
(41, 0, 'second job', '0d93601143dc8a0c33d1376a9afd08cd'),
(42, 0, 'First job', '1ebe6d754da87de79f72781baa651395'),
(43, 0, 'First job', 'fd9edd7bfee3e17b4ff5ddf4bd7dc460'),
(44, 0, 'second job', '85626a75087bbe33ae27aef66ec383df'),
(45, 0, 'First job', '42d0645005d2a40722db8ac32146a9bc'),
(46, 0, 'First job', 'c2d01606c149e3982bee3bf716d3bf8c'),
(47, 0, 'First job', '60d85f258667ca158be669405b2556e9'),
(48, 0, 'second job', 'ab54246a2f86313b8ba9503f41f5e06b');

-- --------------------------------------------------------

--
-- Table structure for table `BATCH_JOB_SEQ`
--

CREATE TABLE `BATCH_JOB_SEQ` (
  `ID` bigint(20) NOT NULL,
  `UNIQUE_KEY` char(1) NOT NULL
) ENGINE=InnoDB DEFAULT CHARSET=latin1;

--
-- Dumping data for table `BATCH_JOB_SEQ`
--

INSERT INTO `BATCH_JOB_SEQ` (`ID`, `UNIQUE_KEY`) VALUES
(48, '0');

-- --------------------------------------------------------

--
-- Table structure for table `BATCH_STEP_EXECUTION`
--

CREATE TABLE `BATCH_STEP_EXECUTION` (
  `STEP_EXECUTION_ID` bigint(20) NOT NULL,
  `VERSION` bigint(20) NOT NULL,
  `STEP_NAME` varchar(100) NOT NULL,
  `JOB_EXECUTION_ID` bigint(20) NOT NULL,
  `START_TIME` datetime(6) NOT NULL,
  `END_TIME` datetime(6) DEFAULT NULL,
  `STATUS` varchar(10) DEFAULT NULL,
  `COMMIT_COUNT` bigint(20) DEFAULT NULL,
  `READ_COUNT` bigint(20) DEFAULT NULL,
  `FILTER_COUNT` bigint(20) DEFAULT NULL,
  `WRITE_COUNT` bigint(20) DEFAULT NULL,
  `READ_SKIP_COUNT` bigint(20) DEFAULT NULL,
  `WRITE_SKIP_COUNT` bigint(20) DEFAULT NULL,
  `PROCESS_SKIP_COUNT` bigint(20) DEFAULT NULL,
  `ROLLBACK_COUNT` bigint(20) DEFAULT NULL,
  `EXIT_CODE` varchar(2500) DEFAULT NULL,
  `EXIT_MESSAGE` varchar(2500) DEFAULT NULL,
  `LAST_UPDATED` datetime(6) DEFAULT NULL
) ENGINE=InnoDB DEFAULT CHARSET=latin1;

--
-- Dumping data for table `BATCH_STEP_EXECUTION`
--

INSERT INTO `BATCH_STEP_EXECUTION` (`STEP_EXECUTION_ID`, `VERSION`, `STEP_NAME`, `JOB_EXECUTION_ID`, `START_TIME`, `END_TIME`, `STATUS`, `COMMIT_COUNT`, `READ_COUNT`, `FILTER_COUNT`, `WRITE_COUNT`, `READ_SKIP_COUNT`, `WRITE_SKIP_COUNT`, `PROCESS_SKIP_COUNT`, `ROLLBACK_COUNT`, `EXIT_CODE`, `EXIT_MESSAGE`, `LAST_UPDATED`) VALUES
(1, 3, 'First step', 1, '2022-08-28 18:21:52.000000', '2022-08-28 18:21:52.000000', 'COMPLETED', 1, 0, 0, 0, 0, 0, 0, 0, 'COMPLETED', '', '2022-08-28 18:21:52.000000'),
(2, 3, 'First step', 1, '2022-08-28 18:21:52.000000', '2022-08-28 18:21:52.000000', 'COMPLETED', 1, 0, 0, 0, 0, 0, 0, 0, 'COMPLETED', '', '2022-08-28 18:21:52.000000'),
(3, 3, 'First step', 3, '2022-08-29 09:54:29.000000', '2022-08-29 09:54:29.000000', 'COMPLETED', 1, 0, 0, 0, 0, 0, 0, 0, 'COMPLETED', '', '2022-08-29 09:54:29.000000'),
(4, 3, 'First step', 3, '2022-08-29 09:54:29.000000', '2022-08-29 09:54:29.000000', 'COMPLETED', 1, 0, 0, 0, 0, 0, 0, 0, 'COMPLETED', '', '2022-08-29 09:54:29.000000'),
(5, 3, 'First step', 5, '2022-08-29 10:07:07.000000', '2022-08-29 10:07:07.000000', 'COMPLETED', 1, 0, 0, 0, 0, 0, 0, 0, 'COMPLETED', '', '2022-08-29 10:07:07.000000'),
(6, 3, 'First step', 5, '2022-08-29 10:07:07.000000', '2022-08-29 10:07:07.000000', 'COMPLETED', 1, 0, 0, 0, 0, 0, 0, 0, 'COMPLETED', '', '2022-08-29 10:07:07.000000'),
(7, 3, 'First step', 6, '2022-08-29 15:41:29.000000', '2022-08-29 15:41:29.000000', 'COMPLETED', 1, 0, 0, 0, 0, 0, 0, 0, 'COMPLETED', '', '2022-08-29 15:41:29.000000'),
(8, 3, 'First step', 6, '2022-08-29 15:41:29.000000', '2022-08-29 15:41:29.000000', 'COMPLETED', 1, 0, 0, 0, 0, 0, 0, 0, 'COMPLETED', '', '2022-08-29 15:41:29.000000'),
(9, 3, 'First step', 7, '2022-08-29 15:45:28.000000', '2022-08-29 15:45:28.000000', 'COMPLETED', 1, 0, 0, 0, 0, 0, 0, 0, 'COMPLETED', '', '2022-08-29 15:45:28.000000'),
(10, 3, 'First step', 7, '2022-08-29 15:45:28.000000', '2022-08-29 15:45:28.000000', 'COMPLETED', 1, 0, 0, 0, 0, 0, 0, 0, 'COMPLETED', '', '2022-08-29 15:45:28.000000'),
(11, 3, 'First step', 8, '2022-08-29 15:47:42.000000', '2022-08-29 15:47:42.000000', 'COMPLETED', 1, 0, 0, 0, 0, 0, 0, 0, 'COMPLETED', '', '2022-08-29 15:47:42.000000'),
(12, 3, 'First step', 8, '2022-08-29 15:47:42.000000', '2022-08-29 15:47:42.000000', 'COMPLETED', 1, 0, 0, 0, 0, 0, 0, 0, 'COMPLETED', '', '2022-08-29 15:47:42.000000'),
(13, 3, 'First step', 9, '2022-08-29 16:05:08.000000', '2022-08-29 16:05:08.000000', 'COMPLETED', 1, 0, 0, 0, 0, 0, 0, 0, 'COMPLETED', '', '2022-08-29 16:05:08.000000'),
(14, 3, 'First step', 9, '2022-08-29 16:05:08.000000', '2022-08-29 16:05:08.000000', 'COMPLETED', 1, 0, 0, 0, 0, 0, 0, 0, 'COMPLETED', '', '2022-08-29 16:05:08.000000'),
(15, 6, 'First Chunk Step', 10, '2022-08-30 15:02:01.000000', '2022-08-30 15:02:01.000000', 'COMPLETED', 4, 10, 0, 10, 0, 0, 0, 0, 'COMPLETED', '', '2022-08-30 15:02:01.000000'),
(16, 5, 'First Chunk Step', 11, '2022-09-01 06:21:12.000000', '2022-09-01 06:21:12.000000', 'COMPLETED', 3, 10, 0, 10, 0, 0, 0, 0, 'COMPLETED', '', '2022-09-01 06:21:12.000000'),
(17, 3, 'First step', 11, '2022-09-01 06:21:12.000000', '2022-09-01 06:21:12.000000', 'COMPLETED', 1, 0, 0, 0, 0, 0, 0, 0, 'COMPLETED', '', '2022-09-01 06:21:12.000000'),
(18, 5, 'First Chunk Step', 12, '2022-09-01 06:21:49.000000', '2022-09-01 06:21:49.000000', 'COMPLETED', 3, 10, 0, 10, 0, 0, 0, 0, 'COMPLETED', '', '2022-09-01 06:21:49.000000'),
(19, 3, 'Second step', 12, '2022-09-01 06:21:49.000000', '2022-09-01 06:21:49.000000', 'COMPLETED', 1, 0, 0, 0, 0, 0, 0, 0, 'COMPLETED', '', '2022-09-01 06:21:49.000000'),
(20, 5, 'First Chunk Step', 13, '2022-09-01 15:06:32.000000', '2022-09-01 15:06:32.000000', 'COMPLETED', 3, 10, 0, 10, 0, 0, 0, 0, 'COMPLETED', '', '2022-09-01 15:06:32.000000'),
(21, 3, 'Second step', 13, '2022-09-01 15:06:32.000000', '2022-09-01 15:06:32.000000', 'COMPLETED', 1, 0, 0, 0, 0, 0, 0, 0, 'COMPLETED', '', '2022-09-01 15:06:32.000000'),
(22, 3, 'First step', 14, '2022-09-01 15:07:07.000000', '2022-09-01 15:07:07.000000', 'COMPLETED', 1, 0, 0, 0, 0, 0, 0, 0, 'COMPLETED', '', '2022-09-01 15:07:07.000000'),
(23, 3, 'Second step', 14, '2022-09-01 15:07:07.000000', '2022-09-01 15:07:07.000000', 'COMPLETED', 1, 0, 0, 0, 0, 0, 0, 0, 'COMPLETED', '', '2022-09-01 15:07:07.000000'),
(24, 3, 'First step', 15, '2022-09-05 00:05:28.000000', '2022-09-05 00:05:28.000000', 'COMPLETED', 1, 0, 0, 0, 0, 0, 0, 0, 'COMPLETED', '', '2022-09-05 00:05:28.000000'),
(25, 3, 'Second step', 15, '2022-09-05 00:05:28.000000', '2022-09-05 00:05:28.000000', 'COMPLETED', 1, 0, 0, 0, 0, 0, 0, 0, 'COMPLETED', '', '2022-09-05 00:05:28.000000'),
(26, 3, 'First step', 16, '2022-09-05 02:22:34.000000', '2022-09-05 02:22:34.000000', 'COMPLETED', 1, 0, 0, 0, 0, 0, 0, 0, 'COMPLETED', '', '2022-09-05 02:22:34.000000'),
(27, 3, 'Second step', 16, '2022-09-05 02:22:34.000000', '2022-09-05 02:22:34.000000', 'COMPLETED', 1, 0, 0, 0, 0, 0, 0, 0, 'COMPLETED', '', '2022-09-05 02:22:34.000000'),
(28, 3, 'First step', 17, '2022-09-05 02:24:54.000000', '2022-09-05 02:24:54.000000', 'COMPLETED', 1, 0, 0, 0, 0, 0, 0, 0, 'COMPLETED', '', '2022-09-05 02:24:54.000000'),
(29, 3, 'Second step', 17, '2022-09-05 02:24:54.000000', '2022-09-05 02:24:54.000000', 'COMPLETED', 1, 0, 0, 0, 0, 0, 0, 0, 'COMPLETED', '', '2022-09-05 02:24:54.000000'),
(30, 3, 'First step', 18, '2022-09-05 02:25:28.000000', '2022-09-05 02:25:28.000000', 'COMPLETED', 1, 0, 0, 0, 0, 0, 0, 0, 'COMPLETED', '', '2022-09-05 02:25:28.000000'),
(31, 3, 'Second step', 18, '2022-09-05 02:25:28.000000', '2022-09-05 02:25:28.000000', 'COMPLETED', 1, 0, 0, 0, 0, 0, 0, 0, 'COMPLETED', '', '2022-09-05 02:25:28.000000'),
(32, 3, 'First step', 19, '2022-09-05 02:34:46.000000', '2022-09-05 02:34:46.000000', 'COMPLETED', 1, 0, 0, 0, 0, 0, 0, 0, 'COMPLETED', '', '2022-09-05 02:34:46.000000'),
(33, 3, 'Second step', 19, '2022-09-05 02:34:46.000000', '2022-09-05 02:34:46.000000', 'COMPLETED', 1, 0, 0, 0, 0, 0, 0, 0, 'COMPLETED', '', '2022-09-05 02:34:46.000000'),
(34, 3, 'First step', 20, '2022-09-05 02:35:56.000000', '2022-09-05 02:35:56.000000', 'COMPLETED', 1, 0, 0, 0, 0, 0, 0, 0, 'COMPLETED', '', '2022-09-05 02:35:56.000000'),
(35, 3, 'Second step', 20, '2022-09-05 02:35:56.000000', '2022-09-05 02:35:56.000000', 'COMPLETED', 1, 0, 0, 0, 0, 0, 0, 0, 'COMPLETED', '', '2022-09-05 02:35:56.000000'),
(36, 5, 'First Chunk Step', 21, '2022-09-05 02:36:29.000000', '2022-09-05 02:36:29.000000', 'COMPLETED', 3, 10, 0, 10, 0, 0, 0, 0, 'COMPLETED', '', '2022-09-05 02:36:29.000000'),
(37, 3, 'Second step', 21, '2022-09-05 02:36:29.000000', '2022-09-05 02:36:29.000000', 'COMPLETED', 1, 0, 0, 0, 0, 0, 0, 0, 'COMPLETED', '', '2022-09-05 02:36:29.000000'),
(38, 5, 'First Chunk Step', 22, '2022-09-05 02:50:00.000000', '2022-09-05 02:50:00.000000', 'COMPLETED', 3, 10, 0, 10, 0, 0, 0, 0, 'COMPLETED', '', '2022-09-05 02:50:00.000000'),
(39, 3, 'Second step', 22, '2022-09-05 02:50:00.000000', '2022-09-05 02:50:00.000000', 'COMPLETED', 1, 0, 0, 0, 0, 0, 0, 0, 'COMPLETED', '', '2022-09-05 02:50:00.000000'),
(40, 5, 'First Chunk Step', 23, '2022-09-05 02:50:04.000000', '2022-09-05 02:50:04.000000', 'COMPLETED', 3, 10, 0, 10, 0, 0, 0, 0, 'COMPLETED', '', '2022-09-05 02:50:04.000000'),
(41, 3, 'Second step', 23, '2022-09-05 02:50:04.000000', '2022-09-05 02:50:04.000000', 'COMPLETED', 1, 0, 0, 0, 0, 0, 0, 0, 'COMPLETED', '', '2022-09-05 02:50:04.000000'),
(42, 5, 'First Chunk Step', 24, '2022-09-05 02:51:00.000000', '2022-09-05 02:51:00.000000', 'COMPLETED', 3, 10, 0, 10, 0, 0, 0, 0, 'COMPLETED', '', '2022-09-05 02:51:00.000000'),
(43, 3, 'Second step', 24, '2022-09-05 02:51:00.000000', '2022-09-05 02:51:00.000000', 'COMPLETED', 1, 0, 0, 0, 0, 0, 0, 0, 'COMPLETED', '', '2022-09-05 02:51:00.000000'),
(44, 5, 'First Chunk Step', 25, '2022-09-05 02:52:00.000000', '2022-09-05 02:52:00.000000', 'COMPLETED', 3, 10, 0, 10, 0, 0, 0, 0, 'COMPLETED', '', '2022-09-05 02:52:00.000000'),
(45, 3, 'Second step', 25, '2022-09-05 02:52:00.000000', '2022-09-05 02:52:00.000000', 'COMPLETED', 1, 0, 0, 0, 0, 0, 0, 0, 'COMPLETED', '', '2022-09-05 02:52:00.000000'),
(46, 5, 'First Chunk Step', 26, '2022-09-05 02:53:00.000000', '2022-09-05 02:53:00.000000', 'COMPLETED', 3, 10, 0, 10, 0, 0, 0, 0, 'COMPLETED', '', '2022-09-05 02:53:00.000000'),
(47, 3, 'Second step', 26, '2022-09-05 02:53:00.000000', '2022-09-05 02:53:00.000000', 'COMPLETED', 1, 0, 0, 0, 0, 0, 0, 0, 'COMPLETED', '', '2022-09-05 02:53:00.000000'),
(48, 5, 'First Chunk Step', 27, '2022-09-05 02:54:00.000000', '2022-09-05 02:54:00.000000', 'COMPLETED', 3, 10, 0, 10, 0, 0, 0, 0, 'COMPLETED', '', '2022-09-05 02:54:00.000000'),
(49, 3, 'Second step', 27, '2022-09-05 02:54:00.000000', '2022-09-05 02:54:00.000000', 'COMPLETED', 1, 0, 0, 0, 0, 0, 0, 0, 'COMPLETED', '', '2022-09-05 02:54:00.000000'),
(50, 5, 'First Chunk Step', 28, '2022-09-05 02:55:00.000000', '2022-09-05 02:55:00.000000', 'COMPLETED', 3, 10, 0, 10, 0, 0, 0, 0, 'COMPLETED', '', '2022-09-05 02:55:00.000000'),
(51, 3, 'Second step', 28, '2022-09-05 02:55:00.000000', '2022-09-05 02:55:00.000000', 'COMPLETED', 1, 0, 0, 0, 0, 0, 0, 0, 'COMPLETED', '', '2022-09-05 02:55:00.000000'),
(52, 5, 'First Chunk Step', 29, '2022-09-05 02:56:00.000000', '2022-09-05 02:56:00.000000', 'COMPLETED', 3, 10, 0, 10, 0, 0, 0, 0, 'COMPLETED', '', '2022-09-05 02:56:00.000000'),
(53, 3, 'Second step', 29, '2022-09-05 02:56:00.000000', '2022-09-05 02:56:00.000000', 'COMPLETED', 1, 0, 0, 0, 0, 0, 0, 0, 'COMPLETED', '', '2022-09-05 02:56:00.000000'),
(54, 5, 'First Chunk Step', 30, '2022-09-05 02:57:00.000000', '2022-09-05 02:57:00.000000', 'COMPLETED', 3, 10, 0, 10, 0, 0, 0, 0, 'COMPLETED', '', '2022-09-05 02:57:00.000000'),
(55, 3, 'Second step', 30, '2022-09-05 02:57:00.000000', '2022-09-05 02:57:00.000000', 'COMPLETED', 1, 0, 0, 0, 0, 0, 0, 0, 'COMPLETED', '', '2022-09-05 02:57:00.000000'),
(56, 5, 'First Chunk Step', 31, '2022-09-05 02:58:00.000000', '2022-09-05 02:58:00.000000', 'COMPLETED', 3, 10, 0, 10, 0, 0, 0, 0, 'COMPLETED', '', '2022-09-05 02:58:00.000000'),
(57, 3, 'Second step', 31, '2022-09-05 02:58:00.000000', '2022-09-05 02:58:00.000000', 'COMPLETED', 1, 0, 0, 0, 0, 0, 0, 0, 'COMPLETED', '', '2022-09-05 02:58:00.000000'),
(58, 3, 'First step', 32, '2022-09-05 02:58:48.000000', '2022-09-05 02:58:48.000000', 'COMPLETED', 1, 0, 0, 0, 0, 0, 0, 0, 'COMPLETED', '', '2022-09-05 02:58:48.000000'),
(59, 3, 'Second step', 32, '2022-09-05 02:58:48.000000', '2022-09-05 02:58:48.000000', 'COMPLETED', 1, 0, 0, 0, 0, 0, 0, 0, 'COMPLETED', '', '2022-09-05 02:58:48.000000'),
(60, 5, 'First Chunk Step', 33, '2022-09-05 02:59:00.000000', '2022-09-05 02:59:00.000000', 'COMPLETED', 3, 10, 0, 10, 0, 0, 0, 0, 'COMPLETED', '', '2022-09-05 02:59:00.000000'),
(61, 3, 'Second step', 33, '2022-09-05 02:59:00.000000', '2022-09-05 02:59:00.000000', 'COMPLETED', 1, 0, 0, 0, 0, 0, 0, 0, 'COMPLETED', '', '2022-09-05 02:59:00.000000'),
(62, 5, 'First Chunk Step', 34, '2022-09-05 03:00:00.000000', '2022-09-05 03:00:00.000000', 'COMPLETED', 3, 10, 0, 10, 0, 0, 0, 0, 'COMPLETED', '', '2022-09-05 03:00:00.000000'),
(63, 3, 'Second step', 34, '2022-09-05 03:00:00.000000', '2022-09-05 03:00:00.000000', 'COMPLETED', 1, 0, 0, 0, 0, 0, 0, 0, 'COMPLETED', '', '2022-09-05 03:00:00.000000'),
(64, 5, 'First Chunk Step', 35, '2022-09-05 03:01:00.000000', '2022-09-05 03:01:00.000000', 'COMPLETED', 3, 10, 0, 10, 0, 0, 0, 0, 'COMPLETED', '', '2022-09-05 03:01:00.000000'),
(65, 3, 'Second step', 35, '2022-09-05 03:01:00.000000', '2022-09-05 03:01:00.000000', 'COMPLETED', 1, 0, 0, 0, 0, 0, 0, 0, 'COMPLETED', '', '2022-09-05 03:01:00.000000'),
(66, 5, 'First Chunk Step', 36, '2022-09-05 03:02:00.000000', '2022-09-05 03:02:00.000000', 'COMPLETED', 3, 10, 0, 10, 0, 0, 0, 0, 'COMPLETED', '', '2022-09-05 03:02:00.000000'),
(67, 3, 'Second step', 36, '2022-09-05 03:02:00.000000', '2022-09-05 03:02:00.000000', 'COMPLETED', 1, 0, 0, 0, 0, 0, 0, 0, 'COMPLETED', '', '2022-09-05 03:02:00.000000'),
(68, 5, 'First Chunk Step', 37, '2022-09-05 03:03:00.000000', '2022-09-05 03:03:00.000000', 'COMPLETED', 3, 10, 0, 10, 0, 0, 0, 0, 'COMPLETED', '', '2022-09-05 03:03:00.000000'),
(69, 3, 'Second step', 37, '2022-09-05 03:03:00.000000', '2022-09-05 03:03:00.000000', 'COMPLETED', 1, 0, 0, 0, 0, 0, 0, 0, 'COMPLETED', '', '2022-09-05 03:03:00.000000'),
(70, 5, 'First Chunk Step', 38, '2022-09-05 03:04:00.000000', '2022-09-05 03:04:00.000000', 'COMPLETED', 3, 10, 0, 10, 0, 0, 0, 0, 'COMPLETED', '', '2022-09-05 03:04:00.000000'),
(71, 3, 'Second step', 38, '2022-09-05 03:04:00.000000', '2022-09-05 03:04:00.000000', 'COMPLETED', 1, 0, 0, 0, 0, 0, 0, 0, 'COMPLETED', '', '2022-09-05 03:04:00.000000'),
(72, 5, 'First Chunk Step', 39, '2022-09-05 03:05:00.000000', '2022-09-05 03:05:00.000000', 'COMPLETED', 3, 10, 0, 10, 0, 0, 0, 0, 'COMPLETED', '', '2022-09-05 03:05:00.000000'),
(73, 3, 'Second step', 39, '2022-09-05 03:05:00.000000', '2022-09-05 03:05:00.000000', 'COMPLETED', 1, 0, 0, 0, 0, 0, 0, 0, 'COMPLETED', '', '2022-09-05 03:05:00.000000'),
(74, 5, 'First Chunk Step', 40, '2022-09-05 03:07:00.000000', '2022-09-05 03:07:00.000000', 'COMPLETED', 3, 10, 0, 10, 0, 0, 0, 0, 'COMPLETED', '', '2022-09-05 03:07:00.000000'),
(75, 3, 'Second step', 40, '2022-09-05 03:07:00.000000', '2022-09-05 03:07:00.000000', 'COMPLETED', 1, 0, 0, 0, 0, 0, 0, 0, 'COMPLETED', '', '2022-09-05 03:07:00.000000'),
(76, 5, 'First Chunk Step', 41, '2022-09-05 03:08:00.000000', '2022-09-05 03:08:00.000000', 'COMPLETED', 3, 10, 0, 10, 0, 0, 0, 0, 'COMPLETED', '', '2022-09-05 03:08:00.000000'),
(77, 3, 'Second step', 41, '2022-09-05 03:08:00.000000', '2022-09-05 03:08:00.000000', 'COMPLETED', 1, 0, 0, 0, 0, 0, 0, 0, 'COMPLETED', '', '2022-09-05 03:08:00.000000'),
(78, 5, 'First Chunk Step', 42, '2022-09-05 03:12:00.000000', '2022-09-05 03:12:00.000000', 'COMPLETED', 3, 10, 0, 10, 0, 0, 0, 0, 'COMPLETED', '', '2022-09-05 03:12:00.000000'),
(79, 3, 'Second step', 42, '2022-09-05 03:12:00.000000', '2022-09-05 03:12:00.000000', 'COMPLETED', 1, 0, 0, 0, 0, 0, 0, 0, 'COMPLETED', '', '2022-09-05 03:12:00.000000'),
(80, 5, 'First Chunk Step', 43, '2022-09-05 03:16:00.000000', '2022-09-05 03:16:38.000000', 'COMPLETED', 3, 10, 0, 10, 0, 0, 0, 0, 'COMPLETED', '', '2022-09-05 03:16:38.000000'),
(81, 1, 'Second step', 43, '2022-09-05 03:16:38.000000', NULL, 'STARTED', 0, 0, 0, 0, 0, 0, 0, 0, 'EXECUTING', '', '2022-09-05 03:16:38.000000'),
(82, 3, 'First step', 44, '2022-09-05 03:17:13.000000', '2022-09-05 03:17:13.000000', 'COMPLETED', 1, 0, 0, 0, 0, 0, 0, 0, 'COMPLETED', '', '2022-09-05 03:17:13.000000'),
(83, 3, 'Second step', 44, '2022-09-05 03:17:13.000000', '2022-09-05 03:17:13.000000', 'COMPLETED', 1, 0, 0, 0, 0, 0, 0, 0, 'COMPLETED', '', '2022-09-05 03:17:13.000000'),
(84, 3, 'First step', 45, '2022-09-05 03:17:29.000000', '2022-09-05 03:17:29.000000', 'COMPLETED', 1, 0, 0, 0, 0, 0, 0, 0, 'COMPLETED', '', '2022-09-05 03:17:29.000000'),
(85, 3, 'Second step', 45, '2022-09-05 03:17:29.000000', '2022-09-05 03:17:29.000000', 'COMPLETED', 1, 0, 0, 0, 0, 0, 0, 0, 'COMPLETED', '', '2022-09-05 03:17:29.000000'),
(86, 5, 'First Chunk Step', 46, '2022-09-05 03:18:00.000000', '2022-09-05 03:20:09.000000', 'COMPLETED', 3, 10, 0, 10, 0, 0, 0, 0, 'COMPLETED', '', '2022-09-05 03:20:09.000000'),
(87, 0, 'Second step', 46, '2022-09-05 03:20:09.000000', NULL, 'STARTING', 0, 0, 0, 0, 0, 0, 0, 0, 'EXECUTING', '', '2022-09-05 03:20:09.000000'),
(88, 3, 'First step', 47, '2022-09-05 03:20:52.000000', '2022-09-05 03:20:52.000000', 'COMPLETED', 1, 0, 0, 0, 0, 0, 0, 0, 'COMPLETED', '', '2022-09-05 03:20:52.000000'),
(89, 3, 'Second step', 47, '2022-09-05 03:20:52.000000', '2022-09-05 03:20:52.000000', 'COMPLETED', 1, 0, 0, 0, 0, 0, 0, 0, 'COMPLETED', '', '2022-09-05 03:20:52.000000'),
(90, 3, 'First step', 48, '2022-09-05 03:21:14.000000', '2022-09-05 03:21:14.000000', 'COMPLETED', 1, 0, 0, 0, 0, 0, 0, 0, 'COMPLETED', '', '2022-09-05 03:21:14.000000'),
(91, 3, 'Second step', 48, '2022-09-05 03:21:14.000000', '2022-09-05 03:21:14.000000', 'COMPLETED', 1, 0, 0, 0, 0, 0, 0, 0, 'COMPLETED', '', '2022-09-05 03:21:14.000000'),
(92, 3, 'First step', 49, '2022-09-05 03:21:39.000000', '2022-09-05 03:21:39.000000', 'COMPLETED', 1, 0, 0, 0, 0, 0, 0, 0, 'COMPLETED', '', '2022-09-05 03:21:39.000000'),
(93, 3, 'Second step', 49, '2022-09-05 03:21:39.000000', '2022-09-05 03:21:39.000000', 'COMPLETED', 1, 0, 0, 0, 0, 0, 0, 0, 'COMPLETED', '', '2022-09-05 03:21:39.000000'),
(94, 5, 'First Chunk Step', 50, '2022-09-05 03:55:27.000000', '2022-09-05 04:00:28.000000', 'COMPLETED', 3, 10, 0, 10, 0, 0, 0, 0, 'COMPLETED', '', '2022-09-05 04:00:28.000000'),
(95, 3, 'Second step', 50, '2022-09-05 04:00:28.000000', '2022-09-05 04:00:28.000000', 'COMPLETED', 1, 0, 0, 0, 0, 0, 0, 0, 'COMPLETED', '', '2022-09-05 04:00:28.000000');

-- --------------------------------------------------------

--
-- Table structure for table `BATCH_STEP_EXECUTION_CONTEXT`
--

CREATE TABLE `BATCH_STEP_EXECUTION_CONTEXT` (
  `STEP_EXECUTION_ID` bigint(20) NOT NULL,
  `SHORT_CONTEXT` varchar(2500) NOT NULL,
  `SERIALIZED_CONTEXT` text
) ENGINE=InnoDB DEFAULT CHARSET=latin1;

--
-- Dumping data for table `BATCH_STEP_EXECUTION_CONTEXT`
--

INSERT INTO `BATCH_STEP_EXECUTION_CONTEXT` (`STEP_EXECUTION_ID`, `SHORT_CONTEXT`, `SERIALIZED_CONTEXT`) VALUES
(1, '{\"@class\":\"java.util.HashMap\",\"batch.taskletType\":\"com.arka99.SpringBatchStarter.service.FirstTasklet\",\"batch.stepType\":\"org.springframework.batch.core.step.tasklet.TaskletStep\"}', NULL),
(2, '{\"@class\":\"java.util.HashMap\",\"batch.taskletType\":\"com.arka99.SpringBatchStarter.service.SecondTasklet\",\"batch.stepType\":\"org.springframework.batch.core.step.tasklet.TaskletStep\"}', NULL),
(3, '{\"@class\":\"java.util.HashMap\",\"batch.taskletType\":\"com.arka99.SpringBatchStarter.service.FirstTasklet\",\"batch.stepType\":\"org.springframework.batch.core.step.tasklet.TaskletStep\"}', NULL),
(4, '{\"@class\":\"java.util.HashMap\",\"batch.taskletType\":\"com.arka99.SpringBatchStarter.service.SecondTasklet\",\"batch.stepType\":\"org.springframework.batch.core.step.tasklet.TaskletStep\"}', NULL),
(5, '{\"@class\":\"java.util.HashMap\",\"batch.taskletType\":\"com.arka99.SpringBatchStarter.service.FirstTasklet\",\"batch.stepType\":\"org.springframework.batch.core.step.tasklet.TaskletStep\"}', NULL),
(6, '{\"@class\":\"java.util.HashMap\",\"batch.taskletType\":\"com.arka99.SpringBatchStarter.service.SecondTasklet\",\"batch.stepType\":\"org.springframework.batch.core.step.tasklet.TaskletStep\"}', NULL),
(7, '{\"@class\":\"java.util.HashMap\",\"batch.taskletType\":\"com.arka99.SpringBatchStarter.service.FirstTasklet\",\"batch.stepType\":\"org.springframework.batch.core.step.tasklet.TaskletStep\"}', NULL),
(8, '{\"@class\":\"java.util.HashMap\",\"batch.taskletType\":\"com.arka99.SpringBatchStarter.service.SecondTasklet\",\"batch.stepType\":\"org.springframework.batch.core.step.tasklet.TaskletStep\"}', NULL),
(9, '{\"@class\":\"java.util.HashMap\",\"batch.taskletType\":\"com.arka99.SpringBatchStarter.service.FirstTasklet\",\"batch.stepType\":\"org.springframework.batch.core.step.tasklet.TaskletStep\"}', NULL),
(10, '{\"@class\":\"java.util.HashMap\",\"batch.taskletType\":\"com.arka99.SpringBatchStarter.service.SecondTasklet\",\"batch.stepType\":\"org.springframework.batch.core.step.tasklet.TaskletStep\"}', NULL),
(11, '{\"@class\":\"java.util.HashMap\",\"batch.taskletType\":\"com.arka99.SpringBatchStarter.service.FirstTasklet\",\"batch.stepType\":\"org.springframework.batch.core.step.tasklet.TaskletStep\"}', NULL),
(12, '{\"@class\":\"java.util.HashMap\",\"batch.taskletType\":\"com.arka99.SpringBatchStarter.service.SecondTasklet\",\"batch.stepType\":\"org.springframework.batch.core.step.tasklet.TaskletStep\"}', NULL),
(13, '{\"@class\":\"java.util.HashMap\",\"SEC\":\"SEC Value\",\"batch.taskletType\":\"com.arka99.SpringBatchStarter.service.FirstTasklet\",\"batch.stepType\":\"org.springframework.batch.core.step.tasklet.TaskletStep\"}', NULL),
(14, '{\"@class\":\"java.util.HashMap\",\"batch.taskletType\":\"com.arka99.SpringBatchStarter.service.SecondTasklet\",\"batch.stepType\":\"org.springframework.batch.core.step.tasklet.TaskletStep\"}', NULL),
(15, '{\"@class\":\"java.util.HashMap\",\"batch.taskletType\":\"org.springframework.batch.core.step.item.ChunkOrientedTasklet\",\"batch.stepType\":\"org.springframework.batch.core.step.tasklet.TaskletStep\"}', NULL),
(16, '{\"@class\":\"java.util.HashMap\",\"batch.taskletType\":\"org.springframework.batch.core.step.item.ChunkOrientedTasklet\",\"batch.stepType\":\"org.springframework.batch.core.step.tasklet.TaskletStep\"}', NULL),
(17, '{\"@class\":\"java.util.HashMap\",\"batch.taskletType\":\"com.arka99.SpringBatchStarter.service.SecondTasklet\",\"batch.stepType\":\"org.springframework.batch.core.step.tasklet.TaskletStep\"}', NULL),
(18, '{\"@class\":\"java.util.HashMap\",\"batch.taskletType\":\"org.springframework.batch.core.step.item.ChunkOrientedTasklet\",\"batch.stepType\":\"org.springframework.batch.core.step.tasklet.TaskletStep\"}', NULL),
(19, '{\"@class\":\"java.util.HashMap\",\"batch.taskletType\":\"com.arka99.SpringBatchStarter.service.SecondTasklet\",\"batch.stepType\":\"org.springframework.batch.core.step.tasklet.TaskletStep\"}', NULL),
(20, '{\"@class\":\"java.util.HashMap\",\"batch.taskletType\":\"org.springframework.batch.core.step.item.ChunkOrientedTasklet\",\"batch.stepType\":\"org.springframework.batch.core.step.tasklet.TaskletStep\"}', NULL),
(21, '{\"@class\":\"java.util.HashMap\",\"batch.taskletType\":\"com.arka99.SpringBatchStarter.service.SecondTasklet\",\"batch.stepType\":\"org.springframework.batch.core.step.tasklet.TaskletStep\"}', NULL),
(22, '{\"@class\":\"java.util.HashMap\",\"SEC\":\"SEC Value\",\"batch.taskletType\":\"com.arka99.SpringBatchStarter.service.FirstTasklet\",\"batch.stepType\":\"org.springframework.batch.core.step.tasklet.TaskletStep\"}', NULL),
(23, '{\"@class\":\"java.util.HashMap\",\"batch.taskletType\":\"com.arka99.SpringBatchStarter.service.SecondTasklet\",\"batch.stepType\":\"org.springframework.batch.core.step.tasklet.TaskletStep\"}', NULL),
(24, '{\"@class\":\"java.util.HashMap\",\"SEC\":\"SEC Value\",\"batch.taskletType\":\"com.arka99.SpringBatchStarter.service.FirstTasklet\",\"batch.stepType\":\"org.springframework.batch.core.step.tasklet.TaskletStep\"}', NULL),
(25, '{\"@class\":\"java.util.HashMap\",\"batch.taskletType\":\"com.arka99.SpringBatchStarter.service.SecondTasklet\",\"batch.stepType\":\"org.springframework.batch.core.step.tasklet.TaskletStep\"}', NULL),
(26, '{\"@class\":\"java.util.HashMap\",\"SEC\":\"SEC Value\",\"batch.taskletType\":\"com.arka99.SpringBatchStarter.service.FirstTasklet\",\"batch.stepType\":\"org.springframework.batch.core.step.tasklet.TaskletStep\"}', NULL),
(27, '{\"@class\":\"java.util.HashMap\",\"batch.taskletType\":\"com.arka99.SpringBatchStarter.service.SecondTasklet\",\"batch.stepType\":\"org.springframework.batch.core.step.tasklet.TaskletStep\"}', NULL),
(28, '{\"@class\":\"java.util.HashMap\",\"SEC\":\"SEC Value\",\"batch.taskletType\":\"com.arka99.SpringBatchStarter.service.FirstTasklet\",\"batch.stepType\":\"org.springframework.batch.core.step.tasklet.TaskletStep\"}', NULL),
(29, '{\"@class\":\"java.util.HashMap\",\"batch.taskletType\":\"com.arka99.SpringBatchStarter.service.SecondTasklet\",\"batch.stepType\":\"org.springframework.batch.core.step.tasklet.TaskletStep\"}', NULL),
(30, '{\"@class\":\"java.util.HashMap\",\"SEC\":\"SEC Value\",\"batch.taskletType\":\"com.arka99.SpringBatchStarter.service.FirstTasklet\",\"batch.stepType\":\"org.springframework.batch.core.step.tasklet.TaskletStep\"}', NULL),
(31, '{\"@class\":\"java.util.HashMap\",\"batch.taskletType\":\"com.arka99.SpringBatchStarter.service.SecondTasklet\",\"batch.stepType\":\"org.springframework.batch.core.step.tasklet.TaskletStep\"}', NULL),
(32, '{\"@class\":\"java.util.HashMap\",\"SEC\":\"SEC Value\",\"batch.taskletType\":\"com.arka99.SpringBatchStarter.service.FirstTasklet\",\"batch.stepType\":\"org.springframework.batch.core.step.tasklet.TaskletStep\"}', NULL),
(33, '{\"@class\":\"java.util.HashMap\",\"batch.taskletType\":\"com.arka99.SpringBatchStarter.service.SecondTasklet\",\"batch.stepType\":\"org.springframework.batch.core.step.tasklet.TaskletStep\"}', NULL),
(34, '{\"@class\":\"java.util.HashMap\",\"SEC\":\"SEC Value\",\"batch.taskletType\":\"com.arka99.SpringBatchStarter.service.FirstTasklet\",\"batch.stepType\":\"org.springframework.batch.core.step.tasklet.TaskletStep\"}', NULL),
(35, '{\"@class\":\"java.util.HashMap\",\"batch.taskletType\":\"com.arka99.SpringBatchStarter.service.SecondTasklet\",\"batch.stepType\":\"org.springframework.batch.core.step.tasklet.TaskletStep\"}', NULL),
(36, '{\"@class\":\"java.util.HashMap\",\"batch.taskletType\":\"org.springframework.batch.core.step.item.ChunkOrientedTasklet\",\"batch.stepType\":\"org.springframework.batch.core.step.tasklet.TaskletStep\"}', NULL),
(37, '{\"@class\":\"java.util.HashMap\",\"batch.taskletType\":\"com.arka99.SpringBatchStarter.service.SecondTasklet\",\"batch.stepType\":\"org.springframework.batch.core.step.tasklet.TaskletStep\"}', NULL),
(38, '{\"@class\":\"java.util.HashMap\",\"batch.taskletType\":\"org.springframework.batch.core.step.item.ChunkOrientedTasklet\",\"batch.stepType\":\"org.springframework.batch.core.step.tasklet.TaskletStep\"}', NULL),
(39, '{\"@class\":\"java.util.HashMap\",\"batch.taskletType\":\"com.arka99.SpringBatchStarter.service.SecondTasklet\",\"batch.stepType\":\"org.springframework.batch.core.step.tasklet.TaskletStep\"}', NULL),
(40, '{\"@class\":\"java.util.HashMap\",\"batch.taskletType\":\"org.springframework.batch.core.step.item.ChunkOrientedTasklet\",\"batch.stepType\":\"org.springframework.batch.core.step.tasklet.TaskletStep\"}', NULL),
(41, '{\"@class\":\"java.util.HashMap\",\"batch.taskletType\":\"com.arka99.SpringBatchStarter.service.SecondTasklet\",\"batch.stepType\":\"org.springframework.batch.core.step.tasklet.TaskletStep\"}', NULL),
(42, '{\"@class\":\"java.util.HashMap\",\"batch.taskletType\":\"org.springframework.batch.core.step.item.ChunkOrientedTasklet\",\"batch.stepType\":\"org.springframework.batch.core.step.tasklet.TaskletStep\"}', NULL),
(43, '{\"@class\":\"java.util.HashMap\",\"batch.taskletType\":\"com.arka99.SpringBatchStarter.service.SecondTasklet\",\"batch.stepType\":\"org.springframework.batch.core.step.tasklet.TaskletStep\"}', NULL),
(44, '{\"@class\":\"java.util.HashMap\",\"batch.taskletType\":\"org.springframework.batch.core.step.item.ChunkOrientedTasklet\",\"batch.stepType\":\"org.springframework.batch.core.step.tasklet.TaskletStep\"}', NULL),
(45, '{\"@class\":\"java.util.HashMap\",\"batch.taskletType\":\"com.arka99.SpringBatchStarter.service.SecondTasklet\",\"batch.stepType\":\"org.springframework.batch.core.step.tasklet.TaskletStep\"}', NULL),
(46, '{\"@class\":\"java.util.HashMap\",\"batch.taskletType\":\"org.springframework.batch.core.step.item.ChunkOrientedTasklet\",\"batch.stepType\":\"org.springframework.batch.core.step.tasklet.TaskletStep\"}', NULL),
(47, '{\"@class\":\"java.util.HashMap\",\"batch.taskletType\":\"com.arka99.SpringBatchStarter.service.SecondTasklet\",\"batch.stepType\":\"org.springframework.batch.core.step.tasklet.TaskletStep\"}', NULL),
(48, '{\"@class\":\"java.util.HashMap\",\"batch.taskletType\":\"org.springframework.batch.core.step.item.ChunkOrientedTasklet\",\"batch.stepType\":\"org.springframework.batch.core.step.tasklet.TaskletStep\"}', NULL),
(49, '{\"@class\":\"java.util.HashMap\",\"batch.taskletType\":\"com.arka99.SpringBatchStarter.service.SecondTasklet\",\"batch.stepType\":\"org.springframework.batch.core.step.tasklet.TaskletStep\"}', NULL),
(50, '{\"@class\":\"java.util.HashMap\",\"batch.taskletType\":\"org.springframework.batch.core.step.item.ChunkOrientedTasklet\",\"batch.stepType\":\"org.springframework.batch.core.step.tasklet.TaskletStep\"}', NULL),
(51, '{\"@class\":\"java.util.HashMap\",\"batch.taskletType\":\"com.arka99.SpringBatchStarter.service.SecondTasklet\",\"batch.stepType\":\"org.springframework.batch.core.step.tasklet.TaskletStep\"}', NULL),
(52, '{\"@class\":\"java.util.HashMap\",\"batch.taskletType\":\"org.springframework.batch.core.step.item.ChunkOrientedTasklet\",\"batch.stepType\":\"org.springframework.batch.core.step.tasklet.TaskletStep\"}', NULL),
(53, '{\"@class\":\"java.util.HashMap\",\"batch.taskletType\":\"com.arka99.SpringBatchStarter.service.SecondTasklet\",\"batch.stepType\":\"org.springframework.batch.core.step.tasklet.TaskletStep\"}', NULL),
(54, '{\"@class\":\"java.util.HashMap\",\"batch.taskletType\":\"org.springframework.batch.core.step.item.ChunkOrientedTasklet\",\"batch.stepType\":\"org.springframework.batch.core.step.tasklet.TaskletStep\"}', NULL),
(55, '{\"@class\":\"java.util.HashMap\",\"batch.taskletType\":\"com.arka99.SpringBatchStarter.service.SecondTasklet\",\"batch.stepType\":\"org.springframework.batch.core.step.tasklet.TaskletStep\"}', NULL),
(56, '{\"@class\":\"java.util.HashMap\",\"batch.taskletType\":\"org.springframework.batch.core.step.item.ChunkOrientedTasklet\",\"batch.stepType\":\"org.springframework.batch.core.step.tasklet.TaskletStep\"}', NULL),
(57, '{\"@class\":\"java.util.HashMap\",\"batch.taskletType\":\"com.arka99.SpringBatchStarter.service.SecondTasklet\",\"batch.stepType\":\"org.springframework.batch.core.step.tasklet.TaskletStep\"}', NULL),
(58, '{\"@class\":\"java.util.HashMap\",\"SEC\":\"SEC Value\",\"batch.taskletType\":\"com.arka99.SpringBatchStarter.service.FirstTasklet\",\"batch.stepType\":\"org.springframework.batch.core.step.tasklet.TaskletStep\"}', NULL),
(59, '{\"@class\":\"java.util.HashMap\",\"batch.taskletType\":\"com.arka99.SpringBatchStarter.service.SecondTasklet\",\"batch.stepType\":\"org.springframework.batch.core.step.tasklet.TaskletStep\"}', NULL),
(60, '{\"@class\":\"java.util.HashMap\",\"batch.taskletType\":\"org.springframework.batch.core.step.item.ChunkOrientedTasklet\",\"batch.stepType\":\"org.springframework.batch.core.step.tasklet.TaskletStep\"}', NULL),
(61, '{\"@class\":\"java.util.HashMap\",\"batch.taskletType\":\"com.arka99.SpringBatchStarter.service.SecondTasklet\",\"batch.stepType\":\"org.springframework.batch.core.step.tasklet.TaskletStep\"}', NULL),
(62, '{\"@class\":\"java.util.HashMap\",\"batch.taskletType\":\"org.springframework.batch.core.step.item.ChunkOrientedTasklet\",\"batch.stepType\":\"org.springframework.batch.core.step.tasklet.TaskletStep\"}', NULL),
(63, '{\"@class\":\"java.util.HashMap\",\"batch.taskletType\":\"com.arka99.SpringBatchStarter.service.SecondTasklet\",\"batch.stepType\":\"org.springframework.batch.core.step.tasklet.TaskletStep\"}', NULL),
(64, '{\"@class\":\"java.util.HashMap\",\"batch.taskletType\":\"org.springframework.batch.core.step.item.ChunkOrientedTasklet\",\"batch.stepType\":\"org.springframework.batch.core.step.tasklet.TaskletStep\"}', NULL),
(65, '{\"@class\":\"java.util.HashMap\",\"batch.taskletType\":\"com.arka99.SpringBatchStarter.service.SecondTasklet\",\"batch.stepType\":\"org.springframework.batch.core.step.tasklet.TaskletStep\"}', NULL),
(66, '{\"@class\":\"java.util.HashMap\",\"batch.taskletType\":\"org.springframework.batch.core.step.item.ChunkOrientedTasklet\",\"batch.stepType\":\"org.springframework.batch.core.step.tasklet.TaskletStep\"}', NULL),
(67, '{\"@class\":\"java.util.HashMap\",\"batch.taskletType\":\"com.arka99.SpringBatchStarter.service.SecondTasklet\",\"batch.stepType\":\"org.springframework.batch.core.step.tasklet.TaskletStep\"}', NULL),
(68, '{\"@class\":\"java.util.HashMap\",\"batch.taskletType\":\"org.springframework.batch.core.step.item.ChunkOrientedTasklet\",\"batch.stepType\":\"org.springframework.batch.core.step.tasklet.TaskletStep\"}', NULL),
(69, '{\"@class\":\"java.util.HashMap\",\"batch.taskletType\":\"com.arka99.SpringBatchStarter.service.SecondTasklet\",\"batch.stepType\":\"org.springframework.batch.core.step.tasklet.TaskletStep\"}', NULL),
(70, '{\"@class\":\"java.util.HashMap\",\"batch.taskletType\":\"org.springframework.batch.core.step.item.ChunkOrientedTasklet\",\"batch.stepType\":\"org.springframework.batch.core.step.tasklet.TaskletStep\"}', NULL),
(71, '{\"@class\":\"java.util.HashMap\",\"batch.taskletType\":\"com.arka99.SpringBatchStarter.service.SecondTasklet\",\"batch.stepType\":\"org.springframework.batch.core.step.tasklet.TaskletStep\"}', NULL),
(72, '{\"@class\":\"java.util.HashMap\",\"batch.taskletType\":\"org.springframework.batch.core.step.item.ChunkOrientedTasklet\",\"batch.stepType\":\"org.springframework.batch.core.step.tasklet.TaskletStep\"}', NULL),
(73, '{\"@class\":\"java.util.HashMap\",\"batch.taskletType\":\"com.arka99.SpringBatchStarter.service.SecondTasklet\",\"batch.stepType\":\"org.springframework.batch.core.step.tasklet.TaskletStep\"}', NULL),
(74, '{\"@class\":\"java.util.HashMap\",\"batch.taskletType\":\"org.springframework.batch.core.step.item.ChunkOrientedTasklet\",\"batch.stepType\":\"org.springframework.batch.core.step.tasklet.TaskletStep\"}', NULL),
(75, '{\"@class\":\"java.util.HashMap\",\"batch.taskletType\":\"com.arka99.SpringBatchStarter.service.SecondTasklet\",\"batch.stepType\":\"org.springframework.batch.core.step.tasklet.TaskletStep\"}', NULL),
(76, '{\"@class\":\"java.util.HashMap\",\"batch.taskletType\":\"org.springframework.batch.core.step.item.ChunkOrientedTasklet\",\"batch.stepType\":\"org.springframework.batch.core.step.tasklet.TaskletStep\"}', NULL),
(77, '{\"@class\":\"java.util.HashMap\",\"batch.taskletType\":\"com.arka99.SpringBatchStarter.service.SecondTasklet\",\"batch.stepType\":\"org.springframework.batch.core.step.tasklet.TaskletStep\"}', NULL),
(78, '{\"@class\":\"java.util.HashMap\",\"batch.taskletType\":\"org.springframework.batch.core.step.item.ChunkOrientedTasklet\",\"batch.stepType\":\"org.springframework.batch.core.step.tasklet.TaskletStep\"}', NULL),
(79, '{\"@class\":\"java.util.HashMap\",\"batch.taskletType\":\"com.arka99.SpringBatchStarter.service.SecondTasklet\",\"batch.stepType\":\"org.springframework.batch.core.step.tasklet.TaskletStep\"}', NULL),
(80, '{\"@class\":\"java.util.HashMap\",\"batch.taskletType\":\"org.springframework.batch.core.step.item.ChunkOrientedTasklet\",\"batch.stepType\":\"org.springframework.batch.core.step.tasklet.TaskletStep\"}', NULL),
(81, '{\"@class\":\"java.util.HashMap\"}', NULL),
(82, '{\"@class\":\"java.util.HashMap\",\"SEC\":\"SEC Value\",\"batch.taskletType\":\"com.arka99.SpringBatchStarter.service.FirstTasklet\",\"batch.stepType\":\"org.springframework.batch.core.step.tasklet.TaskletStep\"}', NULL),
(83, '{\"@class\":\"java.util.HashMap\",\"batch.taskletType\":\"com.arka99.SpringBatchStarter.service.SecondTasklet\",\"batch.stepType\":\"org.springframework.batch.core.step.tasklet.TaskletStep\"}', NULL),
(84, '{\"@class\":\"java.util.HashMap\",\"SEC\":\"SEC Value\",\"batch.taskletType\":\"com.arka99.SpringBatchStarter.service.FirstTasklet\",\"batch.stepType\":\"org.springframework.batch.core.step.tasklet.TaskletStep\"}', NULL),
(85, '{\"@class\":\"java.util.HashMap\",\"batch.taskletType\":\"com.arka99.SpringBatchStarter.service.SecondTasklet\",\"batch.stepType\":\"org.springframework.batch.core.step.tasklet.TaskletStep\"}', NULL),
(86, '{\"@class\":\"java.util.HashMap\",\"batch.taskletType\":\"org.springframework.batch.core.step.item.ChunkOrientedTasklet\",\"batch.stepType\":\"org.springframework.batch.core.step.tasklet.TaskletStep\"}', NULL),
(87, '{\"@class\":\"java.util.HashMap\"}', NULL),
(88, '{\"@class\":\"java.util.HashMap\",\"SEC\":\"SEC Value\",\"batch.taskletType\":\"com.arka99.SpringBatchStarter.service.FirstTasklet\",\"batch.stepType\":\"org.springframework.batch.core.step.tasklet.TaskletStep\"}', NULL),
(89, '{\"@class\":\"java.util.HashMap\",\"batch.taskletType\":\"com.arka99.SpringBatchStarter.service.SecondTasklet\",\"batch.stepType\":\"org.springframework.batch.core.step.tasklet.TaskletStep\"}', NULL),
(90, '{\"@class\":\"java.util.HashMap\",\"SEC\":\"SEC Value\",\"batch.taskletType\":\"com.arka99.SpringBatchStarter.service.FirstTasklet\",\"batch.stepType\":\"org.springframework.batch.core.step.tasklet.TaskletStep\"}', NULL),
(91, '{\"@class\":\"java.util.HashMap\",\"batch.taskletType\":\"com.arka99.SpringBatchStarter.service.SecondTasklet\",\"batch.stepType\":\"org.springframework.batch.core.step.tasklet.TaskletStep\"}', NULL),
(92, '{\"@class\":\"java.util.HashMap\",\"SEC\":\"SEC Value\",\"batch.taskletType\":\"com.arka99.SpringBatchStarter.service.FirstTasklet\",\"batch.stepType\":\"org.springframework.batch.core.step.tasklet.TaskletStep\"}', NULL),
(93, '{\"@class\":\"java.util.HashMap\",\"batch.taskletType\":\"com.arka99.SpringBatchStarter.service.SecondTasklet\",\"batch.stepType\":\"org.springframework.batch.core.step.tasklet.TaskletStep\"}', NULL),
(94, '{\"@class\":\"java.util.HashMap\",\"batch.taskletType\":\"org.springframework.batch.core.step.item.ChunkOrientedTasklet\",\"batch.stepType\":\"org.springframework.batch.core.step.tasklet.TaskletStep\"}', NULL),
(95, '{\"@class\":\"java.util.HashMap\",\"batch.taskletType\":\"com.arka99.SpringBatchStarter.service.SecondTasklet\",\"batch.stepType\":\"org.springframework.batch.core.step.tasklet.TaskletStep\"}', NULL);

-- --------------------------------------------------------

--
-- Table structure for table `BATCH_STEP_EXECUTION_SEQ`
--

CREATE TABLE `BATCH_STEP_EXECUTION_SEQ` (
  `ID` bigint(20) NOT NULL,
  `UNIQUE_KEY` char(1) NOT NULL
) ENGINE=InnoDB DEFAULT CHARSET=latin1;

--
-- Dumping data for table `BATCH_STEP_EXECUTION_SEQ`
--

INSERT INTO `BATCH_STEP_EXECUTION_SEQ` (`ID`, `UNIQUE_KEY`) VALUES
(95, '0');

--
-- Indexes for dumped tables
--

--
-- Indexes for table `BATCH_JOB_EXECUTION`
--
ALTER TABLE `BATCH_JOB_EXECUTION`
  ADD PRIMARY KEY (`JOB_EXECUTION_ID`),
  ADD KEY `JOB_INST_EXEC_FK` (`JOB_INSTANCE_ID`);

--
-- Indexes for table `BATCH_JOB_EXECUTION_CONTEXT`
--
ALTER TABLE `BATCH_JOB_EXECUTION_CONTEXT`
  ADD PRIMARY KEY (`JOB_EXECUTION_ID`);

--
-- Indexes for table `BATCH_JOB_EXECUTION_PARAMS`
--
ALTER TABLE `BATCH_JOB_EXECUTION_PARAMS`
  ADD KEY `JOB_EXEC_PARAMS_FK` (`JOB_EXECUTION_ID`);

--
-- Indexes for table `BATCH_JOB_EXECUTION_SEQ`
--
ALTER TABLE `BATCH_JOB_EXECUTION_SEQ`
  ADD UNIQUE KEY `UNIQUE_KEY_UN` (`UNIQUE_KEY`);

--
-- Indexes for table `BATCH_JOB_INSTANCE`
--
ALTER TABLE `BATCH_JOB_INSTANCE`
  ADD PRIMARY KEY (`JOB_INSTANCE_ID`),
  ADD UNIQUE KEY `JOB_INST_UN` (`JOB_NAME`,`JOB_KEY`);

--
-- Indexes for table `BATCH_JOB_SEQ`
--
ALTER TABLE `BATCH_JOB_SEQ`
  ADD UNIQUE KEY `UNIQUE_KEY_UN` (`UNIQUE_KEY`);

--
-- Indexes for table `BATCH_STEP_EXECUTION`
--
ALTER TABLE `BATCH_STEP_EXECUTION`
  ADD PRIMARY KEY (`STEP_EXECUTION_ID`),
  ADD KEY `JOB_EXEC_STEP_FK` (`JOB_EXECUTION_ID`);

--
-- Indexes for table `BATCH_STEP_EXECUTION_CONTEXT`
--
ALTER TABLE `BATCH_STEP_EXECUTION_CONTEXT`
  ADD PRIMARY KEY (`STEP_EXECUTION_ID`);

--
-- Indexes for table `BATCH_STEP_EXECUTION_SEQ`
--
ALTER TABLE `BATCH_STEP_EXECUTION_SEQ`
  ADD UNIQUE KEY `UNIQUE_KEY_UN` (`UNIQUE_KEY`);

--
-- Constraints for dumped tables
--

--
-- Constraints for table `BATCH_JOB_EXECUTION`
--
ALTER TABLE `BATCH_JOB_EXECUTION`
  ADD CONSTRAINT `JOB_INST_EXEC_FK` FOREIGN KEY (`JOB_INSTANCE_ID`) REFERENCES `BATCH_JOB_INSTANCE` (`JOB_INSTANCE_ID`);

--
-- Constraints for table `BATCH_JOB_EXECUTION_CONTEXT`
--
ALTER TABLE `BATCH_JOB_EXECUTION_CONTEXT`
  ADD CONSTRAINT `JOB_EXEC_CTX_FK` FOREIGN KEY (`JOB_EXECUTION_ID`) REFERENCES `BATCH_JOB_EXECUTION` (`JOB_EXECUTION_ID`);

--
-- Constraints for table `BATCH_JOB_EXECUTION_PARAMS`
--
ALTER TABLE `BATCH_JOB_EXECUTION_PARAMS`
  ADD CONSTRAINT `JOB_EXEC_PARAMS_FK` FOREIGN KEY (`JOB_EXECUTION_ID`) REFERENCES `BATCH_JOB_EXECUTION` (`JOB_EXECUTION_ID`);

--
-- Constraints for table `BATCH_STEP_EXECUTION`
--
ALTER TABLE `BATCH_STEP_EXECUTION`
  ADD CONSTRAINT `JOB_EXEC_STEP_FK` FOREIGN KEY (`JOB_EXECUTION_ID`) REFERENCES `BATCH_JOB_EXECUTION` (`JOB_EXECUTION_ID`);

--
-- Constraints for table `BATCH_STEP_EXECUTION_CONTEXT`
--
ALTER TABLE `BATCH_STEP_EXECUTION_CONTEXT`
  ADD CONSTRAINT `STEP_EXEC_CTX_FK` FOREIGN KEY (`STEP_EXECUTION_ID`) REFERENCES `BATCH_STEP_EXECUTION` (`STEP_EXECUTION_ID`);
COMMIT;

/*!40101 SET CHARACTER_SET_CLIENT=@OLD_CHARACTER_SET_CLIENT */;
/*!40101 SET CHARACTER_SET_RESULTS=@OLD_CHARACTER_SET_RESULTS */;
/*!40101 SET COLLATION_CONNECTION=@OLD_COLLATION_CONNECTION */;
